Number,ticker,company_name
1,MSFT,Microsoft Corporation
2,AAPL,Apple Inc
3,NVDA,NVIDIA Corporation
4,GOOG,Alphabet Inc.
5,GOOGL,Alphabet Inc.
6,AMZN,"Amazon.com, Inc."
7,META,"Meta Platforms, Inc."
8,AVGO,Broadcom Inc.
9,TSLA,"Tesla, Inc."
10,ASML,ASML Holding N.V.
11,COST,Costco Wholesale Corporation
12,NFLX,"Netflix, Inc."
13,AMD,"Advanced Micro Devices, Inc."
14,PEP,"PepsiCo, Inc."
15,ADBE,Adobe Inc.
16,LIN,Linde plc
17,AZN,AstraZeneca PLC
18,CSCO,"Cisco Systems, Inc."
19,QCOM,QUALCOMM Incorporated
20,TMUS,"T-Mobile US, Inc."
21,INTU,Intuit Inc.
22,AMAT,"Applied Materials, Inc."
23,PDD,PDD Holdings Inc.
24,INTC,Intel Corporation
25,CMCSA,Comcast Corporation
26,TXN,Texas Instruments Incorporated
27,AMGN,Amgen Inc.
28,ISRG,"Intuitive Surgical, Inc."
29,MU,"Micron Technology, Inc."
30,ARM,Arm Holdings plc
31,HON,Honeywell International Inc.
32,LRCX,Lam Research Corporation
33,BKNG,Booking Holdings Inc.
34,SNY,Sanofi
35,ABNB,"Airbnb, Inc."
36,VRTX,Vertex Pharmaceuticals Incorporated
37,ADP,"Automatic Data Processing, Inc."
38,REGN,"Regeneron Pharmaceuticals, Inc."
39,SBUX,Starbucks Corporation
40,ADI,"Analog Devices, Inc."
41,KLAC,KLA Corporation
42,PANW,"Palo Alto Networks, Inc."
43,MDLZ,"Mondelez International, Inc."
44,SNPS,"Synopsys, Inc."
45,GILD,"Gilead Sciences, Inc."
46,CDNS,"Cadence Design Systems, Inc."
47,CME,CME Group Inc.
48,CRWD,"CrowdStrike Holdings, Inc."
49,MELI,"MercadoLibre, Inc."
50,EQIX,"Equinix, Inc."
51,MAR,"Marriott International, Inc."
52,PYPL,"PayPal Holdings, Inc."
53,WDAY,"Workday, Inc."
54,CSX,CSX Corporation
55,CTAS,Cintas Corporation
56,ORLY,"O'Reilly Automotive, Inc."
57,PCAR,PACCAR Inc
58,NTES,"NetEase, Inc."
59,NXPI,NXP Semiconductors N.V.
60,MRVL,"Marvell Technology, Inc."
61,COIN,"Coinbase Global, Inc."
62,CEG,Constellation Energy Corporation
63,ROP,"Roper Technologies, Inc."
64,MNST,Monster Beverage Corporation
65,DASH,"DoorDash, Inc."
66,DXCM,"DexCom, Inc."
67,CPRT,"Copart, Inc."
68,SMCI,"Super Micro Computer, Inc."
69,TEAM,Atlassian Corporation
70,FTNT,"Fortinet, Inc."
71,ADSK,"Autodesk, Inc."
72,IBKR,"Interactive Brokers Group, Inc."
73,MCHP,Microchip Technology Incorporated
74,ODFL,"Old Dominion Freight Line, Inc."
75,ROST,"Ross Stores, Inc."
76,PAYX,"Paychex, Inc."
77,KHC,The Kraft Heinz Company
78,AEP,"American Electric Power Company, Inc."
79,KSPI,Joint Stock Company Kaspi.kz
80,FAST,Fastenal Company
81,LULU,Lululemon Athletica Inc.
82,KDP,Keurig Dr Pepper Inc.
83,TTD,"The Trade Desk, Inc."
84,IDXX,"IDEXX Laboratories, Inc."
85,DDOG,"Datadog, Inc."
86,MRNA,"Moderna, Inc."
87,GEHC,GE HealthCare Technologies Inc.
88,BIDU,"Baidu, Inc."
89,CHTR,"Charter Communications, Inc."
90,EXC,Exelon Corporation
91,CSGP,"CoStar Group, Inc."
92,FANG,"Diamondback Energy, Inc."
93,NDAQ,"Nasdaq, Inc."
94,JD,"JD.com, Inc."
95,CTSH,Cognizant Technology Solutions Corporation
96,EA,Electronic Arts Inc.
97,ACGL,Arch Capital Group Ltd.
98,BKR,Baker Hughes Company
99,CDW,CDW Corporation
100,VRSK,"Verisk Analytics, Inc."
101,MPWR,"Monolithic Power Systems, Inc."
102,TCOM,Trip.com Group Limited
103,CCEP,Coca-Cola Europacific Partners PLC
104,LI,Li Auto Inc.
105,XEL,Xcel Energy Inc.
106,ANSS,"ANSYS, Inc."
107,ON,ON Semiconductor Corporation
108,BIIB,Biogen Inc.
109,FWONA,Formula One Group - Series A
110,FWONK,Formula One Group - Series C
111,DLTR,"Dollar Tree, Inc."
112,ZS,"Zscaler, Inc."
113,TSCO,Tractor Supply Company
114,WTW,Willis Towers Watson PLC
115,EBAY,eBay Inc.
116,GFS,GLOBALFOUNDRIES Inc.
117,RYAAY,Ryanair Holdings plc
118,APP,AppLovin Corporation
119,TROW,"T. Rowe Price Group, Inc."
120,TTWO,"Take-Two Interactive Software, Inc."
121,ICLR,ICON PLC
122,MDB,"MongoDB, Inc."
123,MSTR,MicroStrategy Incorporated
124,MBLY,Mobileye Global Inc.
125,ALGN,"Align Technology, Inc."
126,TW,Tradeweb Markets Inc.
127,AXON,"Axon Enterprise, Inc."
128,FITB,Fifth Third Bancorp
129,WDC,Western Digital Corporation
130,FCNCA,"First Citizens BancShares, Inc."
131,VOD,Vodafone Group PLC
132,STLD,"Steel Dynamics, Inc."
133,ARGX,argenx SE
134,FCNCO,"First Citizens BancShares, Inc."
135,SBAC,SBA Communications Corporation
136,PTC,PTC Inc.
137,ULTA,"Ulta Beauty, Inc."
138,DKNG,DraftKings Inc.
139,NTAP,"NetApp, Inc."
140,BNTX,BioNTech SE
141,ILMN,"Illumina, Inc."
142,ENTG,"Entegris, Inc."
143,WBD,"Warner Bros. Discovery, Inc."
144,CELH,"Celsius Holdings, Inc."
145,CHKP,Check Point Software Technologies Ltd.
146,HBAN,Huntington Bancshares Incorporated
147,FSLR,"First Solar, Inc."
148,GMAB,Genmab A/S
149,JBHT,"J.B. Hunt Transport Services, Inc."
150,ALNY,"Alnylam Pharmaceuticals, Inc."
151,LPLA,LPL Financial Holdings Inc.
152,COO,"The Cooper Companies, Inc."
153,PFG,"Principal Financial Group, Inc."
154,ZM,"Zoom Video Communications, Inc."
155,VRSN,"VeriSign, Inc."
156,CINF,Cincinnati Financial Corporation
157,ERIE,Erie Indemnity Company
158,HOLX,"Hologic, Inc."
159,STX,Seagate Technology Holdings plc
160,WMG,Warner Music Group Corp.
161,ERIC,Telefonaktiebolaget LM Ericsson (publ)
162,NTRS,Northern Trust Corporation
163,EXPE,"Expedia Group, Inc."
164,TPG,TPG Inc.
165,BMRN,BioMarin Pharmaceutical Inc.
166,CG,The Carlyle Group Inc.
167,SWKS,"Skyworks Solutions, Inc."
168,TER,"Teradyne, Inc."
169,ENPH,"Enphase Energy, Inc."
170,NTNX,"Nutanix, Inc."
171,HOOD,"Robinhood Markets, Inc."
172,OKTA,"Okta, Inc."
173,AKAM,"Akamai Technologies, Inc."
174,BGNE,"BeiGene, Ltd."
175,WBA,"Walgreens Boots Alliance, Inc."
176,NDSN,Nordson Corporation
177,SAIA,"Saia, Inc."
178,ZBRA,Zebra Technologies Corporation
179,NICE,NICE Ltd.
180,SSNC,"SS&C Technologies Holdings, Inc."
181,TRMB,Trimble Inc.
182,BSY,"Bentley Systems, Incorporated"
183,POOL,Pool Corporation
184,MANH,"Manhattan Associates, Inc."
185,NWS,News Corporation
186,NWSA,News Corporation
187,GEN,Gen Digital Inc.
188,HST,"Host Hotels & Resorts, Inc."
189,FOX,Fox Corporation
190,FOXA,Fox Corporation
191,UAL,"United Airlines Holdings, Inc."
192,VTRS,Viatris Inc.
193,NBIX,"Neurocrine Biosciences, Inc."
194,LECO,"Lincoln Electric Holdings, Inc."
195,LKQ,LKQ Corporation
196,LOGI,Logitech International S.A.
197,XP,XP Inc.
198,EXAS,Exact Sciences Corporation
199,MORN,"Morningstar, Inc."
200,AZPN,"Aspen Technology, Inc."
201,RPRX,Royalty Pharma plc
202,APA,APA Corporation
203,PAA,"Plains All American Pipeline, L.P."
204,SIRI,Sirius XM Holdings Inc.
205,HTHT,H World Group Limited
206,GRAB,Grab Holdings Limited
207,LNT,Alliant Energy Corporation
208,JKHY,"Jack Henry & Associates, Inc."
209,INCY,Incyte Corporation
210,ARCC,Ares Capital Corporation
211,SWAV,"ShockWave Medical, Inc."
212,MEDP,"Medpace Holdings, Inc."
213,PODD,Insulet Corporation
214,BRKR,Bruker Corporation
215,DOCU,"DocuSign, Inc."
216,FLEX,Flex Ltd.
217,EVRG,"Evergy, Inc."
218,CHK,Chesapeake Energy Corporation
219,SRPT,"Sarepta Therapeutics, Inc."
220,WYNN,"Wynn Resorts, Limited"
221,GLPI,"Gaming and Leisure Properties, Inc."
222,NTRA,"Natera, Inc."
223,CASY,"Casey's General Stores, Inc."
224,LAMR,Lamar Advertising Company
225,FFIV,"F5, Inc."
226,UTHR,United Therapeutics Corporation
227,TECH,Bio-Techne Corporation
228,QRVO,"Qorvo, Inc."
229,REG,Regency Centers Corporation
230,CYBR,CyberArk Software Ltd.
231,WING,Wingstop Inc.
232,ALAB,"Astera Labs, Inc."
233,Z,"Zillow Group, Inc."
234,ZG,"Zillow Group, Inc."
235,LSCC,Lattice Semiconductor Corporation
236,TTEK,"Tetra Tech, Inc."
237,CART,Maplebear Inc.
238,EWBC,"East West Bancorp, Inc."
239,DOX,Amdocs Limited
240,LEGN,Legend Biotech Corporation
241,AFRM,"Affirm Holdings, Inc."
242,TXRH,"Texas Roadhouse, Inc."
243,RIVN,"Rivian Automotive, Inc."
244,OTEX,Open Text Corporation
245,RGEN,Repligen Corporation
246,MNDY,monday.com Ltd.
247,PCTY,Paylocity Holding Corporation
248,DUOL,"Duolingo, Inc."
249,HSIC,"Henry Schein, Inc."
250,CFLT,"Confluent, Inc."
251,VFS,VinFast Auto Ltd.
252,SEIC,SEI Investments Company
253,WWD,"Woodward, Inc."
254,ROIV,Roivant Sciences Ltd.
255,MTCH,"Match Group, Inc."
256,CHDN,Churchill Downs Incorporated
257,CZR,"Caesars Entertainment, Inc."
258,ESLT,Elbit Systems Ltd.
259,WFRD,Weatherford International plc
260,FIVE,"Five Below, Inc."
261,GTLB,GitLab Inc.
262,AAL,American Airlines Group Inc.
263,LNW,"Light & Wonder, Inc."
264,ROKU,"Roku, Inc."
265,ASND,Ascendis Pharma A/S
266,LSXMB,Liberty SiriusXM Group - Series B
267,BZ,Kanzhun Limited
268,LSXMA,Liberty SiriusXM Group - Series A
269,LSXMK,Liberty SiriusXM Group - Series C
270,CHRW,"C.H. Robinson Worldwide, Inc."
271,MKSI,"MKS Instruments, Inc."
272,MKTX,MarketAxess Holdings Inc.
273,FUTU,Futu Holdings Limited
274,PPC,Pilgrim's Pride Corporation
275,APPF,"AppFolio, Inc."
276,GNTX,Gentex Corporation
277,RGLD,"Royal Gold, Inc."
278,WSC,WillScot Mobile Mini Holdings Corp.
279,DBX,"Dropbox, Inc."
280,ETSY,"Etsy, Inc."
281,MIDD,The Middleby Corporation
282,AMKR,"Amkor Technology, Inc."
283,HAS,"Hasbro, Inc."
284,VKTX,"Viking Therapeutics, Inc."
285,CHRD,Chord Energy Corporation
286,CROX,"Crocs, Inc."
287,OLED,Universal Display Corporation
288,COKE,"Coca-Cola Consolidated, Inc."
289,CERE,"Cerevel Therapeutics Holdings, Inc."
290,CYTK,"Cytokinetics, Incorporated"
291,DSGX,The Descartes Systems Group Inc.
292,MASI,Masimo Corporation
293,IEP,Icahn Enterprises L.P.
294,SOFI,"SoFi Technologies, Inc."
295,CHX,ChampionX Corporation
296,WIX,Wix.com Ltd.
297,MMYT,MakeMyTrip Limited
298,AAON,"AAON, Inc."
299,VNOM,Viper Energy Partners LP
300,EXEL,"Exelixis, Inc."
301,MTSI,"MACOM Technology Solutions Holdings, Inc."
302,LYFT,"Lyft, Inc."
303,CCCS,CCC Intelligent Solutions Holdings Inc.
304,JAZZ,Jazz Pharmaceuticals plc
305,UFPI,"UFP Industries, Inc."
306,LBRDA,Liberty Broadband Corporation
307,NXT,Nextracker Inc.
308,LBRDK,Liberty Broadband Corporation
309,CGNX,Cognex Corporation
310,FTAI,FTAI Aviation Ltd
311,ACHC,"Acadia Healthcare Company, Inc."
312,HQY,"HealthEquity, Inc."
313,FSV,FirstService Corporation
314,LBTYB,Liberty Global plc
315,APLS,"Apellis Pharmaceuticals, Inc."
316,ALTR,Altair Engineering Inc.
317,PCVX,"Vaxcyte, Inc."
318,LBTYA,Liberty Global plc
319,LBTYK,Liberty Global plc
320,CBSH,"Commerce Bancshares, Inc."
321,CACC,Credit Acceptance Corporation
322,XRAY,DENTSPLY SIRONA Inc.
323,ENSG,"The Ensign Group, Inc."
324,MAT,"Mattel, Inc."
325,AGNC,AGNC Investment Corp.
326,SAIC,Science Applications International Corporation
327,PARAA,Paramount Global
328,ITCI,"Intra-Cellular Therapies, Inc."
329,SFM,"Sprouts Farmers Market, Inc."
330,LSTR,"Landstar System, Inc."
331,RMBS,Rambus Inc.
332,HLNE,Hamilton Lane Incorporated
333,PARA,Paramount Global
334,SPSC,"SPS Commerce, Inc."
335,IONS,"Ionis Pharmaceuticals, Inc."
336,BECN,"Beacon Roofing Supply, Inc."
337,SIGI,"Selective Insurance Group, Inc."
338,PNFP,"Pinnacle Financial Partners, Inc."
339,LCID,"Lucid Group, Inc."
340,ZION,"Zions Bancorporation,NA"
341,BPOP,"Popular, Inc."
342,NFE,New Fortress Energy Inc.
343,WTFC,Wintrust Financial Corporation
344,QLYS,"Qualys, Inc."
345,GRFS,"Grifols, S.A."
346,ZI,ZoomInfo Technologies Inc.
347,NSIT,"Insight Enterprises, Inc."
348,REYN,Reynolds Consumer Products Inc.
349,RVMD,"Revolution Medicines, Inc."
350,FCFS,"FirstCash Holdings, Inc"
351,LFUS,"Littelfuse, Inc."
352,NOVT,Novanta Inc.
353,TENB,"Tenable Holdings, Inc."
354,GLBE,Global-e Online Ltd.
355,BOKF,BOK Financial Corporation
356,FYBR,"Frontier Communications Parent, Inc."
357,BPMC,Blueprint Medicines Corporation
358,FRSH,Freshworks Inc.
359,CWST,"Casella Waste Systems, Inc."
360,DRS,"Leonardo DRS, Inc."
361,LANC,Lancaster Colony Corporation
362,FRPT,"Freshpet, Inc."
363,DOOO,BRP Inc.
364,OPCH,"Option Care Health, Inc."
365,NXST,"Nexstar Media Group, Inc."
366,RCM,R1 RCM Inc.
367,CIGI,Colliers International Group Inc.
368,HCP,"HashiCorp, Inc."
369,CRSP,CRISPR Therapeutics AG
370,ALGM,"Allegro MicroSystems, Inc."
371,PEGA,Pegasystems Inc.
372,MDGL,"Madrigal Pharmaceuticals, Inc."
373,NVMI,Nova Ltd.
374,ONB,Old National Bancorp
375,HALO,"Halozyme Therapeutics, Inc."
376,GGAL,Grupo Financiero Galicia S.A.
377,VRNS,"Varonis Systems, Inc."
378,STNE,StoneCo Ltd.
379,VERX,"Vertex, Inc."
380,BBIO,"BridgeBio Pharma, Inc."
381,OZK,Bank OZK
382,KRYS,"Krystal Biotech, Inc."
383,MARA,"Marathon Digital Holdings, Inc."
384,COOP,Mr. Cooper Group Inc.
385,PTEN,"Patterson-UTI Energy, Inc."
386,EXLS,"ExlService Holdings, Inc."
387,EEFT,"Euronet Worldwide, Inc."
388,DJT,Trump Media & Technology Group Corp.
389,DLO,DLocal Limited
390,CRUS,"Cirrus Logic, Inc."
391,BCPC,Balchem Corporation
392,ACT,"Enact Holdings, Inc."
393,BILI,Bilibili Inc.
394,AUR,"Aurora Innovation, Inc."
395,SRCL,"Stericycle, Inc."
396,FELE,"Franklin Electric Co., Inc."
397,SLM,SLM Corporation
398,FIVN,"Five9, Inc."
399,NVEI,Nuvei Corporation
400,IMVT,"Immunovant, Inc."
401,COLM,Columbia Sportswear Company
402,ASO,"Academy Sports and Outdoors, Inc."
403,UBSI,"United Bankshares, Inc."
404,OLLI,"Ollie's Bargain Outlet Holdings, Inc."
405,FROG,JFrog Ltd.
406,ESGR,Enstar Group Limited
407,FIZZ,National Beverage Corp.
408,IAC,IAC Inc.
409,AVT,"Avnet, Inc."
410,ALKS,Alkermes plc
411,NUVL,"Nuvalent, Inc."
412,SYM,Symbotic Inc.
413,FFIN,"First Financial Bankshares, Inc."
414,CAR,"Avis Budget Group, Inc."
415,TXG,"10x Genomics, Inc."
416,RARE,Ultragenyx Pharmaceutical Inc.
417,MMSI,"Merit Medical Systems, Inc."
418,CVLT,"Commvault Systems, Inc."
419,BRZE,"Braze, Inc."
420,ITRI,"Itron, Inc."
421,AVAV,"AeroVironment, Inc."
422,INSM,Insmed Incorporated
423,LNTH,"Lantheus Holdings, Inc."
424,IPAR,"Inter Parfums, Inc."
425,VRRM,Verra Mobility Corporation
426,IQ,"iQIYI, Inc."
427,WIRE,Encore Wire Corporation
428,SLAB,Silicon Laboratories Inc.
429,FRHC,Freedom Holding Corp.
430,PECO,"Phillips Edison & Company, Inc."
431,OMAB,"Grupo Aeroportuario del Centro Norte, SAB de CV"
432,IPGP,IPG Photonics Corporation
433,IBRX,"ImmunityBio, Inc."
434,SEDG,"SolarEdge Technologies, Inc."
435,EXPO,"Exponent, Inc."
436,CRVL,CorVel Corporation
437,BGC,"BGC Group, Inc"
438,RUSHA,"Rush Enterprises, Inc."
439,BL,"BlackLine, Inc."
440,LOPE,"Grand Canyon Education, Inc."
441,POWI,"Power Integrations, Inc."
442,UMBF,UMB Financial Corporation
443,RUSHB,"Rush Enterprises, Inc."
444,BLKB,"Blackbaud, Inc."
445,CNXC,Concentrix Corporation
446,WEN,The Wendy's Company
447,NCNO,"nCino, Inc."
448,LLYVA,Liberty Live Group - Series A
449,LLYVK,Liberty Live Group - Series C
450,RELY,"Remitly Global, Inc."
451,PAGP,"Plains GP Holdings, L.P."
452,COLB,"Columbia Banking System, Inc."
453,TSEM,Tower Semiconductor Ltd.
454,VLY,Valley National Bancorp
455,HWC,Hancock Whitney Corporation
456,SATS,EchoStar Corporation
457,TRIP,"Tripadvisor, Inc."
458,CSWI,"CSW Industrials, Inc."
459,GT,The Goodyear Tire & Rubber Company
460,AEIS,"Advanced Energy Industries, Inc."
461,URBN,"Urban Outfitters, Inc."
462,CRNX,"Crinetics Pharmaceuticals, Inc."
463,RRR,"Red Rock Resorts, Inc."
464,CAMT,Camtek Ltd.
465,SYNA,Synaptics Incorporated
466,FORM,"FormFactor, Inc."
467,IOVA,"Iovance Biotherapeutics, Inc."
468,RDNT,"RadNet, Inc."
469,TIGO,Millicom International Cellular S.A.
470,ACIW,"ACI Worldwide, Inc."
471,FTRE,Fortrea Holdings Inc.
472,PCH,PotlatchDeltic Corporation
473,IRTC,"iRhythm Technologies, Inc."
474,ARCB,ArcBest Corporation
475,OTTR,Otter Tail Corporation
476,CRDO,Credo Technology Group Holding Ltd
477,AXNX,"Axonics, Inc."
478,CLSK,"CleanSpark, Inc."
479,PSNY,Polestar Automotive Holding UK PLC
480,ALRM,"Alarm.com Holdings, Inc."
481,ACLS,"Axcelis Technologies, Inc."
482,TFSL,TFS Financial Corporation
483,MEOH,Methanex Corporation
484,PGNY,"Progyny, Inc."
485,AXSM,"Axsome Therapeutics, Inc."
486,SRAD,Sportradar Group AG
487,FOLD,"Amicus Therapeutics, Inc."
488,IBOC,International Bancshares Corporation
489,PI,"Impinj, Inc."
490,SGRY,"Surgery Partners, Inc."
491,SANM,Sanmina Corporation
492,QFIN,Qifu Technology Inc.
493,STRL,"Sterling Infrastructure, Inc."
494,WDFC,WD-40 Company
495,DIOD,Diodes Incorporated
496,TRMD,TORM plc
497,PYCR,"Paycor HCM, Inc."
498,SMPL,The Simply Good Foods Company
499,SHC,Sotera Health Company
500,XENE,Xenon Pharmaceuticals Inc.